session_id,item_id,date,label,"('feature_value_id', 1)","('feature_value_id', 2)","('feature_value_id', 3)","('feature_value_id', 4)","('feature_value_id', 5)","('feature_value_id', 6)","('feature_value_id', 7)","('feature_value_id', 8)","('feature_value_id', 9)","('feature_value_id', 10)","('feature_value_id', 11)","('feature_value_id', 12)","('feature_value_id', 13)","('feature_value_id', 14)","('feature_value_id', 15)","('feature_value_id', 16)","('feature_value_id', 17)","('feature_value_id', 18)","('feature_value_id', 19)","('feature_value_id', 20)","('feature_value_id', 21)","('feature_value_id', 22)","('feature_value_id', 23)","('feature_value_id', 24)","('feature_value_id', 25)","('feature_value_id', 26)","('feature_value_id', 27)","('feature_value_id', 28)","('feature_value_id', 29)","('feature_value_id', 30)","('feature_value_id', 31)","('feature_value_id', 32)","('feature_value_id', 33)","('feature_value_id', 34)","('feature_value_id', 35)","('feature_value_id', 36)","('feature_value_id', 37)","('feature_value_id', 38)","('feature_value_id', 39)","('feature_value_id', 40)","('feature_value_id', 41)","('feature_value_id', 42)","('feature_value_id', 43)","('feature_value_id', 44)","('feature_value_id', 45)","('feature_value_id', 46)","('feature_value_id', 47)","('feature_value_id', 48)","('feature_value_id', 49)","('feature_value_id', 50)","('feature_value_id', 51)","('feature_value_id', 52)","('feature_value_id', 53)","('feature_value_id', 54)","('feature_value_id', 55)","('feature_value_id', 56)","('feature_value_id', 57)","('feature_value_id', 58)","('feature_value_id', 59)","('feature_value_id', 60)","('feature_value_id', 61)","('feature_value_id', 62)","('feature_value_id', 63)","('feature_value_id', 64)","('feature_value_id', 65)","('feature_value_id', 66)","('feature_value_id', 67)","('feature_value_id', 68)","('feature_value_id', 69)","('feature_value_id', 70)","('feature_value_id', 71)","('feature_value_id', 72)","('feature_value_id', 73)"
3,9655,2020-12-18 21:19:48.093,0,,53.0,,,,,,,,,,,,,,,,,,,,,510.0,,,,,,,,768.0,,,,,678.0,45.0,138.0,731.0,,,409.0,,,,,512.0,,465.0,240.0,597.0,,,,267.0,365.0,,,,,898.0,,,,,,349.0,393.0,,,,,544.0
3,9655,2020-12-18 21:25:00.373,0,,53.0,,,,,,,,,,,,,,,,,,,,,510.0,,,,,,,,768.0,,,,,678.0,45.0,138.0,731.0,,,409.0,,,,,512.0,,465.0,240.0,597.0,,,,267.0,365.0,,,,,898.0,,,,,,349.0,393.0,,,,,544.0
97085,9655,2020-12-27 20:22:13.011,0,,53.0,,,,,,,,,,,,,,,,,,,,,510.0,,,,,,,,768.0,,,,,678.0,45.0,138.0,731.0,,,409.0,,,,,512.0,,465.0,240.0,597.0,,,,267.0,365.0,,,,,898.0,,,,,,349.0,393.0,,,,,544.0
152155,9655,2020-11-19 16:26:18.468,0,,53.0,,,,,,,,,,,,,,,,,,,,,510.0,,,,,,,,768.0,,,,,678.0,45.0,138.0,731.0,,,409.0,,,,,512.0,,465.0,240.0,597.0,,,,267.0,365.0,,,,,898.0,,,,,,349.0,393.0,,,,,544.0
210806,9655,2021-01-02 05:37:37.183,0,,53.0,,,,,,,,,,,,,,,,,,,,,510.0,,,,,,,,768.0,,,,,678.0,45.0,138.0,731.0,,,409.0,,,,,512.0,,465.0,240.0,597.0,,,,267.0,365.0,,,,,898.0,,,,,,349.0,393.0,,,,,544.0
241795,9655,2020-12-27 19:07:11.059,0,,53.0,,,,,,,,,,,,,,,,,,,,,510.0,,,,,,,,768.0,,,,,678.0,45.0,138.0,731.0,,,409.0,,,,,512.0,,465.0,240.0,597.0,,,,267.0,365.0,,,,,898.0,,,,,,349.0,393.0,,,,,544.0
241795,9655,2020-12-27 19:07:35.983,0,,53.0,,,,,,,,,,,,,,,,,,,,,510.0,,,,,,,,768.0,,,,,678.0,45.0,138.0,731.0,,,409.0,,,,,512.0,,465.0,240.0,597.0,,,,267.0,365.0,,,,,898.0,,,,,,349.0,393.0,,,,,544.0
351746,9655,2020-12-19 09:55:17.557,0,,53.0,,,,,,,,,,,,,,,,,,,,,510.0,,,,,,,,768.0,,,,,678.0,45.0,138.0,731.0,,,409.0,,,,,512.0,,465.0,240.0,597.0,,,,267.0,365.0,,,,,898.0,,,,,,349.0,393.0,,,,,544.0
361368,9655,2020-12-18 08:52:56.779,0,,53.0,,,,,,,,,,,,,,,,,,,,,510.0,,,,,,,,768.0,,,,,678.0,45.0,138.0,731.0,,,409.0,,,,,512.0,,465.0,240.0,597.0,,,,267.0,365.0,,,,,898.0,,,,,,349.0,393.0,,,,,544.0
376975,9655,2020-12-18 15:35:27.681,0,,53.0,,,,,,,,,,,,,,,,,,,,,510.0,,,,,,,,768.0,,,,,678.0,45.0,138.0,731.0,,,409.0,,,,,512.0,,465.0,240.0,597.0,,,,267.0,365.0,,,,,898.0,,,,,,349.0,393.0,,,,,544.0
392308,9655,2021-01-04 17:25:23.228,0,,53.0,,,,,,,,,,,,,,,,,,,,,510.0,,,,,,,,768.0,,,,,678.0,45.0,138.0,731.0,,,409.0,,,,,512.0,,465.0,240.0,597.0,,,,267.0,365.0,,,,,898.0,,,,,,349.0,393.0,,,,,544.0
409797,9655,2020-12-16 16:16:54.618,0,,53.0,,,,,,,,,,,,,,,,,,,,,510.0,,,,,,,,768.0,,,,,678.0,45.0,138.0,731.0,,,409.0,,,,,512.0,,465.0,240.0,597.0,,,,267.0,365.0,,,,,898.0,,,,,,349.0,393.0,,,,,544.0
427384,9655,2021-01-28 21:28:37.581,0,,53.0,,,,,,,,,,,,,,,,,,,,,510.0,,,,,,,,768.0,,,,,678.0,45.0,138.0,731.0,,,409.0,,,,,512.0,,465.0,240.0,597.0,,,,267.0,365.0,,,,,898.0,,,,,,349.0,393.0,,,,,544.0
494934,9655,2020-12-18 02:29:24.127,0,,53.0,,,,,,,,,,,,,,,,,,,,,510.0,,,,,,,,768.0,,,,,678.0,45.0,138.0,731.0,,,409.0,,,,,512.0,,465.0,240.0,597.0,,,,267.0,365.0,,,,,898.0,,,,,,349.0,393.0,,,,,544.0
500224,9655,2021-01-14 12:39:45.761,0,,53.0,,,,,,,,,,,,,,,,,,,,,510.0,,,,,,,,768.0,,,,,678.0,45.0,138.0,731.0,,,409.0,,,,,512.0,,465.0,240.0,597.0,,,,267.0,365.0,,,,,898.0,,,,,,349.0,393.0,,,,,544.0
500224,9655,2021-01-14 12:42:59.303,0,,53.0,,,,,,,,,,,,,,,,,,,,,510.0,,,,,,,,768.0,,,,,678.0,45.0,138.0,731.0,,,409.0,,,,,512.0,,465.0,240.0,597.0,,,,267.0,365.0,,,,,898.0,,,,,,349.0,393.0,,,,,544.0
565440,9655,2020-12-12 06:18:40.836,1,,53.0,,,,,,,,,,,,,,,,,,,,,510.0,,,,,,,,768.0,,,,,678.0,45.0,138.0,731.0,,,409.0,,,,,512.0,,465.0,240.0,597.0,,,,267.0,365.0,,,,,898.0,,,,,,349.0,393.0,,,,,544.0
568659,9655,2020-12-18 20:50:50.543,0,,53.0,,,,,,,,,,,,,,,,,,,,,510.0,,,,,,,,768.0,,,,,678.0,45.0,138.0,731.0,,,409.0,,,,,512.0,,465.0,240.0,597.0,,,,267.0,365.0,,,,,898.0,,,,,,349.0,393.0,,,,,544.0
568659,9655,2020-12-18 20:51:10.446,0,,53.0,,,,,,,,,,,,,,,,,,,,,510.0,,,,,,,,768.0,,,,,678.0,45.0,138.0,731.0,,,409.0,,,,,512.0,,465.0,240.0,597.0,,,,267.0,365.0,,,,,898.0,,,,,,349.0,393.0,,,,,544.0
580810,9655,2021-01-08 11:27:26.125,0,,53.0,,,,,,,,,,,,,,,,,,,,,510.0,,,,,,,,768.0,,,,,678.0,45.0,138.0,731.0,,,409.0,,,,,512.0,,465.0,240.0,597.0,,,,267.0,365.0,,,,,898.0,,,,,,349.0,393.0,,,,,544.0
590009,9655,2020-11-22 18:16:20.948,1,,53.0,,,,,,,,,,,,,,,,,,,,,510.0,,,,,,,,768.0,,,,,678.0,45.0,138.0,731.0,,,409.0,,,,,512.0,,465.0,240.0,597.0,,,,267.0,365.0,,,,,898.0,,,,,,349.0,393.0,,,,,544.0
661938,9655,2020-12-27 17:25:26.18,0,,53.0,,,,,,,,,,,,,,,,,,,,,510.0,,,,,,,,768.0,,,,,678.0,45.0,138.0,731.0,,,409.0,,,,,512.0,,465.0,240.0,597.0,,,,267.0,365.0,,,,,898.0,,,,,,349.0,393.0,,,,,544.0
679781,9655,2020-12-18 10:40:43.498,0,,53.0,,,,,,,,,,,,,,,,,,,,,510.0,,,,,,,,768.0,,,,,678.0,45.0,138.0,731.0,,,409.0,,,,,512.0,,465.0,240.0,597.0,,,,267.0,365.0,,,,,898.0,,,,,,349.0,393.0,,,,,544.0
679781,9655,2020-12-18 10:40:44.869,0,,53.0,,,,,,,,,,,,,,,,,,,,,510.0,,,,,,,,768.0,,,,,678.0,45.0,138.0,731.0,,,409.0,,,,,512.0,,465.0,240.0,597.0,,,,267.0,365.0,,,,,898.0,,,,,,349.0,393.0,,,,,544.0
679781,9655,2020-12-18 10:41:03.98,0,,53.0,,,,,,,,,,,,,,,,,,,,,510.0,,,,,,,,768.0,,,,,678.0,45.0,138.0,731.0,,,409.0,,,,,512.0,,465.0,240.0,597.0,,,,267.0,365.0,,,,,898.0,,,,,,349.0,393.0,,,,,544.0
679929,9655,2020-12-24 19:28:49.403,1,,53.0,,,,,,,,,,,,,,,,,,,,,510.0,,,,,,,,768.0,,,,,678.0,45.0,138.0,731.0,,,409.0,,,,,512.0,,465.0,240.0,597.0,,,,267.0,365.0,,,,,898.0,,,,,,349.0,393.0,,,,,544.0
736041,9655,2021-01-01 20:10:16.733,0,,53.0,,,,,,,,,,,,,,,,,,,,,510.0,,,,,,,,768.0,,,,,678.0,45.0,138.0,731.0,,,409.0,,,,,512.0,,465.0,240.0,597.0,,,,267.0,365.0,,,,,898.0,,,,,,349.0,393.0,,,,,544.0
739306,9655,2021-01-12 14:46:24.027,0,,53.0,,,,,,,,,,,,,,,,,,,,,510.0,,,,,,,,768.0,,,,,678.0,45.0,138.0,731.0,,,409.0,,,,,512.0,,465.0,240.0,597.0,,,,267.0,365.0,,,,,898.0,,,,,,349.0,393.0,,,,,544.0
739306,9655,2021-01-12 14:46:24.699,0,,53.0,,,,,,,,,,,,,,,,,,,,,510.0,,,,,,,,768.0,,,,,678.0,45.0,138.0,731.0,,,409.0,,,,,512.0,,465.0,240.0,597.0,,,,267.0,365.0,,,,,898.0,,,,,,349.0,393.0,,,,,544.0
763132,9655,2020-11-21 12:59:59.063,0,,53.0,,,,,,,,,,,,,,,,,,,,,510.0,,,,,,,,768.0,,,,,678.0,45.0,138.0,731.0,,,409.0,,,,,512.0,,465.0,240.0,597.0,,,,267.0,365.0,,,,,898.0,,,,,,349.0,393.0,,,,,544.0
776357,9655,2020-11-27 12:51:15.099,1,,53.0,,,,,,,,,,,,,,,,,,,,,510.0,,,,,,,,768.0,,,,,678.0,45.0,138.0,731.0,,,409.0,,,,,512.0,,465.0,240.0,597.0,,,,267.0,365.0,,,,,898.0,,,,,,349.0,393.0,,,,,544.0
799484,9655,2021-01-12 00:17:46.663,0,,53.0,,,,,,,,,,,,,,,,,,,,,510.0,,,,,,,,768.0,,,,,678.0,45.0,138.0,731.0,,,409.0,,,,,512.0,,465.0,240.0,597.0,,,,267.0,365.0,,,,,898.0,,,,,,349.0,393.0,,,,,544.0
808882,9655,2020-12-28 00:40:25.362,0,,53.0,,,,,,,,,,,,,,,,,,,,,510.0,,,,,,,,768.0,,,,,678.0,45.0,138.0,731.0,,,409.0,,,,,512.0,,465.0,240.0,597.0,,,,267.0,365.0,,,,,898.0,,,,,,349.0,393.0,,,,,544.0
853913,9655,2020-12-19 19:18:31.895,0,,53.0,,,,,,,,,,,,,,,,,,,,,510.0,,,,,,,,768.0,,,,,678.0,45.0,138.0,731.0,,,409.0,,,,,512.0,,465.0,240.0,597.0,,,,267.0,365.0,,,,,898.0,,,,,,349.0,393.0,,,,,544.0
888461,9655,2021-01-03 20:42:39.788,0,,53.0,,,,,,,,,,,,,,,,,,,,,510.0,,,,,,,,768.0,,,,,678.0,45.0,138.0,731.0,,,409.0,,,,,512.0,,465.0,240.0,597.0,,,,267.0,365.0,,,,,898.0,,,,,,349.0,393.0,,,,,544.0
889362,9655,2020-12-18 18:09:01.461,0,,53.0,,,,,,,,,,,,,,,,,,,,,510.0,,,,,,,,768.0,,,,,678.0,45.0,138.0,731.0,,,409.0,,,,,512.0,,465.0,240.0,597.0,,,,267.0,365.0,,,,,898.0,,,,,,349.0,393.0,,,,,544.0
934553,9655,2020-11-19 09:29:49.214,1,,53.0,,,,,,,,,,,,,,,,,,,,,510.0,,,,,,,,768.0,,,,,678.0,45.0,138.0,731.0,,,409.0,,,,,512.0,,465.0,240.0,597.0,,,,267.0,365.0,,,,,898.0,,,,,,349.0,393.0,,,,,544.0
953098,9655,2020-12-18 20:08:38.401,0,,53.0,,,,,,,,,,,,,,,,,,,,,510.0,,,,,,,,768.0,,,,,678.0,45.0,138.0,731.0,,,409.0,,,,,512.0,,465.0,240.0,597.0,,,,267.0,365.0,,,,,898.0,,,,,,349.0,393.0,,,,,544.0
962579,9655,2021-02-15 14:34:49.458,0,,53.0,,,,,,,,,,,,,,,,,,,,,510.0,,,,,,,,768.0,,,,,678.0,45.0,138.0,731.0,,,409.0,,,,,512.0,,465.0,240.0,597.0,,,,267.0,365.0,,,,,898.0,,,,,,349.0,393.0,,,,,544.0
977860,9655,2020-12-26 08:07:57.986,0,,53.0,,,,,,,,,,,,,,,,,,,,,510.0,,,,,,,,768.0,,,,,678.0,45.0,138.0,731.0,,,409.0,,,,,512.0,,465.0,240.0,597.0,,,,267.0,365.0,,,,,898.0,,,,,,349.0,393.0,,,,,544.0
1054579,9655,2020-12-18 20:34:46.917,0,,53.0,,,,,,,,,,,,,,,,,,,,,510.0,,,,,,,,768.0,,,,,678.0,45.0,138.0,731.0,,,409.0,,,,,512.0,,465.0,240.0,597.0,,,,267.0,365.0,,,,,898.0,,,,,,349.0,393.0,,,,,544.0
1058683,9655,2020-12-25 21:58:09.887,1,,53.0,,,,,,,,,,,,,,,,,,,,,510.0,,,,,,,,768.0,,,,,678.0,45.0,138.0,731.0,,,409.0,,,,,512.0,,465.0,240.0,597.0,,,,267.0,365.0,,,,,898.0,,,,,,349.0,393.0,,,,,544.0
1060718,9655,2020-12-18 12:04:43.693,0,,53.0,,,,,,,,,,,,,,,,,,,,,510.0,,,,,,,,768.0,,,,,678.0,45.0,138.0,731.0,,,409.0,,,,,512.0,,465.0,240.0,597.0,,,,267.0,365.0,,,,,898.0,,,,,,349.0,393.0,,,,,544.0
1089357,9655,2020-12-19 22:03:16.025,0,,53.0,,,,,,,,,,,,,,,,,,,,,510.0,,,,,,,,768.0,,,,,678.0,45.0,138.0,731.0,,,409.0,,,,,512.0,,465.0,240.0,597.0,,,,267.0,365.0,,,,,898.0,,,,,,349.0,393.0,,,,,544.0
1158804,9655,2021-01-10 09:41:20.475,0,,53.0,,,,,,,,,,,,,,,,,,,,,510.0,,,,,,,,768.0,,,,,678.0,45.0,138.0,731.0,,,409.0,,,,,512.0,,465.0,240.0,597.0,,,,267.0,365.0,,,,,898.0,,,,,,349.0,393.0,,,,,544.0
1166260,9655,2021-01-02 19:53:29.284,0,,53.0,,,,,,,,,,,,,,,,,,,,,510.0,,,,,,,,768.0,,,,,678.0,45.0,138.0,731.0,,,409.0,,,,,512.0,,465.0,240.0,597.0,,,,267.0,365.0,,,,,898.0,,,,,,349.0,393.0,,,,,544.0
1194260,9655,2020-12-31 12:56:43.205,0,,53.0,,,,,,,,,,,,,,,,,,,,,510.0,,,,,,,,768.0,,,,,678.0,45.0,138.0,731.0,,,409.0,,,,,512.0,,465.0,240.0,597.0,,,,267.0,365.0,,,,,898.0,,,,,,349.0,393.0,,,,,544.0
1290510,9655,2021-02-15 18:59:41.70,0,,53.0,,,,,,,,,,,,,,,,,,,,,510.0,,,,,,,,768.0,,,,,678.0,45.0,138.0,731.0,,,409.0,,,,,512.0,,465.0,240.0,597.0,,,,267.0,365.0,,,,,898.0,,,,,,349.0,393.0,,,,,544.0
1315142,9655,2020-11-20 12:39:11.686,0,,53.0,,,,,,,,,,,,,,,,,,,,,510.0,,,,,,,,768.0,,,,,678.0,45.0,138.0,731.0,,,409.0,,,,,512.0,,465.0,240.0,597.0,,,,267.0,365.0,,,,,898.0,,,,,,349.0,393.0,,,,,544.0
1335512,9655,2020-12-25 15:48:45.44,0,,53.0,,,,,,,,,,,,,,,,,,,,,510.0,,,,,,,,768.0,,,,,678.0,45.0,138.0,731.0,,,409.0,,,,,512.0,,465.0,240.0,597.0,,,,267.0,365.0,,,,,898.0,,,,,,349.0,393.0,,,,,544.0
1335512,9655,2020-12-25 15:58:45.823,0,,53.0,,,,,,,,,,,,,,,,,,,,,510.0,,,,,,,,768.0,,,,,678.0,45.0,138.0,731.0,,,409.0,,,,,512.0,,465.0,240.0,597.0,,,,267.0,365.0,,,,,898.0,,,,,,349.0,393.0,,,,,544.0
1340718,9655,2021-01-04 11:39:07.833,0,,53.0,,,,,,,,,,,,,,,,,,,,,510.0,,,,,,,,768.0,,,,,678.0,45.0,138.0,731.0,,,409.0,,,,,512.0,,465.0,240.0,597.0,,,,267.0,365.0,,,,,898.0,,,,,,349.0,393.0,,,,,544.0
1375780,9655,2021-01-05 20:38:48.377,0,,53.0,,,,,,,,,,,,,,,,,,,,,510.0,,,,,,,,768.0,,,,,678.0,45.0,138.0,731.0,,,409.0,,,,,512.0,,465.0,240.0,597.0,,,,267.0,365.0,,,,,898.0,,,,,,349.0,393.0,,,,,544.0
1376628,9655,2020-12-11 22:37:19.066,0,,53.0,,,,,,,,,,,,,,,,,,,,,510.0,,,,,,,,768.0,,,,,678.0,45.0,138.0,731.0,,,409.0,,,,,512.0,,465.0,240.0,597.0,,,,267.0,365.0,,,,,898.0,,,,,,349.0,393.0,,,,,544.0
1420117,9655,2021-02-23 00:51:34.961,0,,53.0,,,,,,,,,,,,,,,,,,,,,510.0,,,,,,,,768.0,,,,,678.0,45.0,138.0,731.0,,,409.0,,,,,512.0,,465.0,240.0,597.0,,,,267.0,365.0,,,,,898.0,,,,,,349.0,393.0,,,,,544.0
1452140,9655,2020-11-10 06:22:30.08,0,,53.0,,,,,,,,,,,,,,,,,,,,,510.0,,,,,,,,768.0,,,,,678.0,45.0,138.0,731.0,,,409.0,,,,,512.0,,465.0,240.0,597.0,,,,267.0,365.0,,,,,898.0,,,,,,349.0,393.0,,,,,544.0
1452140,9655,2020-11-10 06:59:51.993,0,,53.0,,,,,,,,,,,,,,,,,,,,,510.0,,,,,,,,768.0,,,,,678.0,45.0,138.0,731.0,,,409.0,,,,,512.0,,465.0,240.0,597.0,,,,267.0,365.0,,,,,898.0,,,,,,349.0,393.0,,,,,544.0
1452140,9655,2020-11-10 07:01:43.583,0,,53.0,,,,,,,,,,,,,,,,,,,,,510.0,,,,,,,,768.0,,,,,678.0,45.0,138.0,731.0,,,409.0,,,,,512.0,,465.0,240.0,597.0,,,,267.0,365.0,,,,,898.0,,,,,,349.0,393.0,,,,,544.0
1513697,9655,2020-12-19 20:28:56.222,0,,53.0,,,,,,,,,,,,,,,,,,,,,510.0,,,,,,,,768.0,,,,,678.0,45.0,138.0,731.0,,,409.0,,,,,512.0,,465.0,240.0,597.0,,,,267.0,365.0,,,,,898.0,,,,,,349.0,393.0,,,,,544.0
1529794,9655,2020-12-18 07:41:49.967,0,,53.0,,,,,,,,,,,,,,,,,,,,,510.0,,,,,,,,768.0,,,,,678.0,45.0,138.0,731.0,,,409.0,,,,,512.0,,465.0,240.0,597.0,,,,267.0,365.0,,,,,898.0,,,,,,349.0,393.0,,,,,544.0
1606283,9655,2020-12-19 01:59:18.571,0,,53.0,,,,,,,,,,,,,,,,,,,,,510.0,,,,,,,,768.0,,,,,678.0,45.0,138.0,731.0,,,409.0,,,,,512.0,,465.0,240.0,597.0,,,,267.0,365.0,,,,,898.0,,,,,,349.0,393.0,,,,,544.0
1724434,9655,2020-12-18 15:08:55.797,0,,53.0,,,,,,,,,,,,,,,,,,,,,510.0,,,,,,,,768.0,,,,,678.0,45.0,138.0,731.0,,,409.0,,,,,512.0,,465.0,240.0,597.0,,,,267.0,365.0,,,,,898.0,,,,,,349.0,393.0,,,,,544.0
1758515,9655,2020-11-21 12:45:17.299,1,,53.0,,,,,,,,,,,,,,,,,,,,,510.0,,,,,,,,768.0,,,,,678.0,45.0,138.0,731.0,,,409.0,,,,,512.0,,465.0,240.0,597.0,,,,267.0,365.0,,,,,898.0,,,,,,349.0,393.0,,,,,544.0
1765548,9655,2020-12-30 18:12:42.974,0,,53.0,,,,,,,,,,,,,,,,,,,,,510.0,,,,,,,,768.0,,,,,678.0,45.0,138.0,731.0,,,409.0,,,,,512.0,,465.0,240.0,597.0,,,,267.0,365.0,,,,,898.0,,,,,,349.0,393.0,,,,,544.0
1789999,9655,2020-12-31 09:28:11.198,0,,53.0,,,,,,,,,,,,,,,,,,,,,510.0,,,,,,,,768.0,,,,,678.0,45.0,138.0,731.0,,,409.0,,,,,512.0,,465.0,240.0,597.0,,,,267.0,365.0,,,,,898.0,,,,,,349.0,393.0,,,,,544.0
1838092,9655,2021-04-13 12:38:59.819,1,,53.0,,,,,,,,,,,,,,,,,,,,,510.0,,,,,,,,768.0,,,,,678.0,45.0,138.0,731.0,,,409.0,,,,,512.0,,465.0,240.0,597.0,,,,267.0,365.0,,,,,898.0,,,,,,349.0,393.0,,,,,544.0
1848327,9655,2020-12-24 17:23:27.617,0,,53.0,,,,,,,,,,,,,,,,,,,,,510.0,,,,,,,,768.0,,,,,678.0,45.0,138.0,731.0,,,409.0,,,,,512.0,,465.0,240.0,597.0,,,,267.0,365.0,,,,,898.0,,,,,,349.0,393.0,,,,,544.0
1885138,9655,2021-01-04 23:42:52.463,0,,53.0,,,,,,,,,,,,,,,,,,,,,510.0,,,,,,,,768.0,,,,,678.0,45.0,138.0,731.0,,,409.0,,,,,512.0,,465.0,240.0,597.0,,,,267.0,365.0,,,,,898.0,,,,,,349.0,393.0,,,,,544.0
1885138,9655,2021-01-04 23:44:31.188,0,,53.0,,,,,,,,,,,,,,,,,,,,,510.0,,,,,,,,768.0,,,,,678.0,45.0,138.0,731.0,,,409.0,,,,,512.0,,465.0,240.0,597.0,,,,267.0,365.0,,,,,898.0,,,,,,349.0,393.0,,,,,544.0
1950772,9655,2020-12-18 08:31:56.914,0,,53.0,,,,,,,,,,,,,,,,,,,,,510.0,,,,,,,,768.0,,,,,678.0,45.0,138.0,731.0,,,409.0,,,,,512.0,,465.0,240.0,597.0,,,,267.0,365.0,,,,,898.0,,,,,,349.0,393.0,,,,,544.0
1964259,9655,2020-12-18 09:16:32.856,0,,53.0,,,,,,,,,,,,,,,,,,,,,510.0,,,,,,,,768.0,,,,,678.0,45.0,138.0,731.0,,,409.0,,,,,512.0,,465.0,240.0,597.0,,,,267.0,365.0,,,,,898.0,,,,,,349.0,393.0,,,,,544.0
2036987,9655,2020-11-29 13:56:16.676,0,,53.0,,,,,,,,,,,,,,,,,,,,,510.0,,,,,,,,768.0,,,,,678.0,45.0,138.0,731.0,,,409.0,,,,,512.0,,465.0,240.0,597.0,,,,267.0,365.0,,,,,898.0,,,,,,349.0,393.0,,,,,544.0
2037189,9655,2020-12-18 19:01:00.449,0,,53.0,,,,,,,,,,,,,,,,,,,,,510.0,,,,,,,,768.0,,,,,678.0,45.0,138.0,731.0,,,409.0,,,,,512.0,,465.0,240.0,597.0,,,,267.0,365.0,,,,,898.0,,,,,,349.0,393.0,,,,,544.0
2074459,9655,2021-01-02 11:37:40.14,0,,53.0,,,,,,,,,,,,,,,,,,,,,510.0,,,,,,,,768.0,,,,,678.0,45.0,138.0,731.0,,,409.0,,,,,512.0,,465.0,240.0,597.0,,,,267.0,365.0,,,,,898.0,,,,,,349.0,393.0,,,,,544.0
2089494,9655,2020-11-29 09:05:53.965,0,,53.0,,,,,,,,,,,,,,,,,,,,,510.0,,,,,,,,768.0,,,,,678.0,45.0,138.0,731.0,,,409.0,,,,,512.0,,465.0,240.0,597.0,,,,267.0,365.0,,,,,898.0,,,,,,349.0,393.0,,,,,544.0
2113475,9655,2020-11-25 13:30:13.393,1,,53.0,,,,,,,,,,,,,,,,,,,,,510.0,,,,,,,,768.0,,,,,678.0,45.0,138.0,731.0,,,409.0,,,,,512.0,,465.0,240.0,597.0,,,,267.0,365.0,,,,,898.0,,,,,,349.0,393.0,,,,,544.0
2194381,9655,2021-04-13 05:58:39.624,0,,53.0,,,,,,,,,,,,,,,,,,,,,510.0,,,,,,,,768.0,,,,,678.0,45.0,138.0,731.0,,,409.0,,,,,512.0,,465.0,240.0,597.0,,,,267.0,365.0,,,,,898.0,,,,,,349.0,393.0,,,,,544.0
2209244,9655,2020-12-26 16:49:42.245,1,,53.0,,,,,,,,,,,,,,,,,,,,,510.0,,,,,,,,768.0,,,,,678.0,45.0,138.0,731.0,,,409.0,,,,,512.0,,465.0,240.0,597.0,,,,267.0,365.0,,,,,898.0,,,,,,349.0,393.0,,,,,544.0
2273726,9655,2021-01-07 18:13:50.472,0,,53.0,,,,,,,,,,,,,,,,,,,,,510.0,,,,,,,,768.0,,,,,678.0,45.0,138.0,731.0,,,409.0,,,,,512.0,,465.0,240.0,597.0,,,,267.0,365.0,,,,,898.0,,,,,,349.0,393.0,,,,,544.0
2285515,9655,2020-12-09 22:53:55.994,0,,53.0,,,,,,,,,,,,,,,,,,,,,510.0,,,,,,,,768.0,,,,,678.0,45.0,138.0,731.0,,,409.0,,,,,512.0,,465.0,240.0,597.0,,,,267.0,365.0,,,,,898.0,,,,,,349.0,393.0,,,,,544.0
2320465,9655,2020-12-18 10:21:09.816,0,,53.0,,,,,,,,,,,,,,,,,,,,,510.0,,,,,,,,768.0,,,,,678.0,45.0,138.0,731.0,,,409.0,,,,,512.0,,465.0,240.0,597.0,,,,267.0,365.0,,,,,898.0,,,,,,349.0,393.0,,,,,544.0
2334163,9655,2020-11-24 19:59:29.362,0,,53.0,,,,,,,,,,,,,,,,,,,,,510.0,,,,,,,,768.0,,,,,678.0,45.0,138.0,731.0,,,409.0,,,,,512.0,,465.0,240.0,597.0,,,,267.0,365.0,,,,,898.0,,,,,,349.0,393.0,,,,,544.0
2359876,9655,2020-12-19 11:05:50.403,0,,53.0,,,,,,,,,,,,,,,,,,,,,510.0,,,,,,,,768.0,,,,,678.0,45.0,138.0,731.0,,,409.0,,,,,512.0,,465.0,240.0,597.0,,,,267.0,365.0,,,,,898.0,,,,,,349.0,393.0,,,,,544.0
2392956,9655,2020-11-29 12:43:48.241,0,,53.0,,,,,,,,,,,,,,,,,,,,,510.0,,,,,,,,768.0,,,,,678.0,45.0,138.0,731.0,,,409.0,,,,,512.0,,465.0,240.0,597.0,,,,267.0,365.0,,,,,898.0,,,,,,349.0,393.0,,,,,544.0
2406095,9655,2020-12-18 16:38:10.474,0,,53.0,,,,,,,,,,,,,,,,,,,,,510.0,,,,,,,,768.0,,,,,678.0,45.0,138.0,731.0,,,409.0,,,,,512.0,,465.0,240.0,597.0,,,,267.0,365.0,,,,,898.0,,,,,,349.0,393.0,,,,,544.0
2421284,9655,2020-11-27 12:27:34.528,0,,53.0,,,,,,,,,,,,,,,,,,,,,510.0,,,,,,,,768.0,,,,,678.0,45.0,138.0,731.0,,,409.0,,,,,512.0,,465.0,240.0,597.0,,,,267.0,365.0,,,,,898.0,,,,,,349.0,393.0,,,,,544.0
2433016,9655,2020-12-18 10:15:39.286,0,,53.0,,,,,,,,,,,,,,,,,,,,,510.0,,,,,,,,768.0,,,,,678.0,45.0,138.0,731.0,,,409.0,,,,,512.0,,465.0,240.0,597.0,,,,267.0,365.0,,,,,898.0,,,,,,349.0,393.0,,,,,544.0
2452582,9655,2021-02-17 18:35:17.719,0,,53.0,,,,,,,,,,,,,,,,,,,,,510.0,,,,,,,,768.0,,,,,678.0,45.0,138.0,731.0,,,409.0,,,,,512.0,,465.0,240.0,597.0,,,,267.0,365.0,,,,,898.0,,,,,,349.0,393.0,,,,,544.0
2465081,9655,2020-12-18 08:52:44.055,0,,53.0,,,,,,,,,,,,,,,,,,,,,510.0,,,,,,,,768.0,,,,,678.0,45.0,138.0,731.0,,,409.0,,,,,512.0,,465.0,240.0,597.0,,,,267.0,365.0,,,,,898.0,,,,,,349.0,393.0,,,,,544.0
2526688,9655,2020-11-28 00:21:13.544,0,,53.0,,,,,,,,,,,,,,,,,,,,,510.0,,,,,,,,768.0,,,,,678.0,45.0,138.0,731.0,,,409.0,,,,,512.0,,465.0,240.0,597.0,,,,267.0,365.0,,,,,898.0,,,,,,349.0,393.0,,,,,544.0
2526688,9655,2020-11-28 00:21:35.136,0,,53.0,,,,,,,,,,,,,,,,,,,,,510.0,,,,,,,,768.0,,,,,678.0,45.0,138.0,731.0,,,409.0,,,,,512.0,,465.0,240.0,597.0,,,,267.0,365.0,,,,,898.0,,,,,,349.0,393.0,,,,,544.0
2558959,9655,2020-12-18 22:39:19.925,0,,53.0,,,,,,,,,,,,,,,,,,,,,510.0,,,,,,,,768.0,,,,,678.0,45.0,138.0,731.0,,,409.0,,,,,512.0,,465.0,240.0,597.0,,,,267.0,365.0,,,,,898.0,,,,,,349.0,393.0,,,,,544.0
2563070,9655,2020-11-30 00:13:32.751,0,,53.0,,,,,,,,,,,,,,,,,,,,,510.0,,,,,,,,768.0,,,,,678.0,45.0,138.0,731.0,,,409.0,,,,,512.0,,465.0,240.0,597.0,,,,267.0,365.0,,,,,898.0,,,,,,349.0,393.0,,,,,544.0
2565242,9655,2020-12-18 15:51:37.151,0,,53.0,,,,,,,,,,,,,,,,,,,,,510.0,,,,,,,,768.0,,,,,678.0,45.0,138.0,731.0,,,409.0,,,,,512.0,,465.0,240.0,597.0,,,,267.0,365.0,,,,,898.0,,,,,,349.0,393.0,,,,,544.0
2593211,9655,2020-12-19 09:37:26.868,0,,53.0,,,,,,,,,,,,,,,,,,,,,510.0,,,,,,,,768.0,,,,,678.0,45.0,138.0,731.0,,,409.0,,,,,512.0,,465.0,240.0,597.0,,,,267.0,365.0,,,,,898.0,,,,,,349.0,393.0,,,,,544.0
2689952,9655,2020-12-08 13:30:17.512,0,,53.0,,,,,,,,,,,,,,,,,,,,,510.0,,,,,,,,768.0,,,,,678.0,45.0,138.0,731.0,,,409.0,,,,,512.0,,465.0,240.0,597.0,,,,267.0,365.0,,,,,898.0,,,,,,349.0,393.0,,,,,544.0
2711980,9655,2020-12-30 11:22:09.937,0,,53.0,,,,,,,,,,,,,,,,,,,,,510.0,,,,,,,,768.0,,,,,678.0,45.0,138.0,731.0,,,409.0,,,,,512.0,,465.0,240.0,597.0,,,,267.0,365.0,,,,,898.0,,,,,,349.0,393.0,,,,,544.0
2711980,9655,2020-12-30 11:22:55.994,0,,53.0,,,,,,,,,,,,,,,,,,,,,510.0,,,,,,,,768.0,,,,,678.0,45.0,138.0,731.0,,,409.0,,,,,512.0,,465.0,240.0,597.0,,,,267.0,365.0,,,,,898.0,,,,,,349.0,393.0,,,,,544.0
2858361,9655,2021-01-09 08:40:17.49,0,,53.0,,,,,,,,,,,,,,,,,,,,,510.0,,,,,,,,768.0,,,,,678.0,45.0,138.0,731.0,,,409.0,,,,,512.0,,465.0,240.0,597.0,,,,267.0,365.0,,,,,898.0,,,,,,349.0,393.0,,,,,544.0
2866783,9655,2020-12-19 21:10:38.921,1,,53.0,,,,,,,,,,,,,,,,,,,,,510.0,,,,,,,,768.0,,,,,678.0,45.0,138.0,731.0,,,409.0,,,,,512.0,,465.0,240.0,597.0,,,,267.0,365.0,,,,,898.0,,,,,,349.0,393.0,,,,,544.0
2907547,9655,2020-12-19 15:01:17.331,0,,53.0,,,,,,,,,,,,,,,,,,,,,510.0,,,,,,,,768.0,,,,,678.0,45.0,138.0,731.0,,,409.0,,,,,512.0,,465.0,240.0,597.0,,,,267.0,365.0,,,,,898.0,,,,,,349.0,393.0,,,,,544.0
2917916,9655,2021-01-02 21:15:21.886,0,,53.0,,,,,,,,,,,,,,,,,,,,,510.0,,,,,,,,768.0,,,,,678.0,45.0,138.0,731.0,,,409.0,,,,,512.0,,465.0,240.0,597.0,,,,267.0,365.0,,,,,898.0,,,,,,349.0,393.0,,,,,544.0
3083581,9655,2020-12-19 00:55:07.377,0,,53.0,,,,,,,,,,,,,,,,,,,,,510.0,,,,,,,,768.0,,,,,678.0,45.0,138.0,731.0,,,409.0,,,,,512.0,,465.0,240.0,597.0,,,,267.0,365.0,,,,,898.0,,,,,,349.0,393.0,,,,,544.0
3092443,9655,2020-11-27 23:07:51.286,0,,53.0,,,,,,,,,,,,,,,,,,,,,510.0,,,,,,,,768.0,,,,,678.0,45.0,138.0,731.0,,,409.0,,,,,512.0,,465.0,240.0,597.0,,,,267.0,365.0,,,,,898.0,,,,,,349.0,393.0,,,,,544.0
3124631,9655,2020-12-26 11:23:32.772,0,,53.0,,,,,,,,,,,,,,,,,,,,,510.0,,,,,,,,768.0,,,,,678.0,45.0,138.0,731.0,,,409.0,,,,,512.0,,465.0,240.0,597.0,,,,267.0,365.0,,,,,898.0,,,,,,349.0,393.0,,,,,544.0
3152057,9655,2020-11-29 12:22:59.848,1,,53.0,,,,,,,,,,,,,,,,,,,,,510.0,,,,,,,,768.0,,,,,678.0,45.0,138.0,731.0,,,409.0,,,,,512.0,,465.0,240.0,597.0,,,,267.0,365.0,,,,,898.0,,,,,,349.0,393.0,,,,,544.0
3216654,9655,2020-11-29 16:12:33.097,1,,53.0,,,,,,,,,,,,,,,,,,,,,510.0,,,,,,,,768.0,,,,,678.0,45.0,138.0,731.0,,,409.0,,,,,512.0,,465.0,240.0,597.0,,,,267.0,365.0,,,,,898.0,,,,,,349.0,393.0,,,,,544.0
3359950,9655,2020-11-27 08:51:45.949,0,,53.0,,,,,,,,,,,,,,,,,,,,,510.0,,,,,,,,768.0,,,,,678.0,45.0,138.0,731.0,,,409.0,,,,,512.0,,465.0,240.0,597.0,,,,267.0,365.0,,,,,898.0,,,,,,349.0,393.0,,,,,544.0
3444522,9655,2020-12-18 14:52:25.87,0,,53.0,,,,,,,,,,,,,,,,,,,,,510.0,,,,,,,,768.0,,,,,678.0,45.0,138.0,731.0,,,409.0,,,,,512.0,,465.0,240.0,597.0,,,,267.0,365.0,,,,,898.0,,,,,,349.0,393.0,,,,,544.0
3447550,9655,2020-11-28 07:03:12.795,0,,53.0,,,,,,,,,,,,,,,,,,,,,510.0,,,,,,,,768.0,,,,,678.0,45.0,138.0,731.0,,,409.0,,,,,512.0,,465.0,240.0,597.0,,,,267.0,365.0,,,,,898.0,,,,,,349.0,393.0,,,,,544.0
3461663,9655,2021-01-12 19:52:49.37,1,,53.0,,,,,,,,,,,,,,,,,,,,,510.0,,,,,,,,768.0,,,,,678.0,45.0,138.0,731.0,,,409.0,,,,,512.0,,465.0,240.0,597.0,,,,267.0,365.0,,,,,898.0,,,,,,349.0,393.0,,,,,544.0
3476631,9655,2021-01-03 06:08:23.94,0,,53.0,,,,,,,,,,,,,,,,,,,,,510.0,,,,,,,,768.0,,,,,678.0,45.0,138.0,731.0,,,409.0,,,,,512.0,,465.0,240.0,597.0,,,,267.0,365.0,,,,,898.0,,,,,,349.0,393.0,,,,,544.0
3484159,9655,2021-01-01 13:58:11.636,0,,53.0,,,,,,,,,,,,,,,,,,,,,510.0,,,,,,,,768.0,,,,,678.0,45.0,138.0,731.0,,,409.0,,,,,512.0,,465.0,240.0,597.0,,,,267.0,365.0,,,,,898.0,,,,,,349.0,393.0,,,,,544.0
3484159,9655,2021-01-01 14:08:32.09,0,,53.0,,,,,,,,,,,,,,,,,,,,,510.0,,,,,,,,768.0,,,,,678.0,45.0,138.0,731.0,,,409.0,,,,,512.0,,465.0,240.0,597.0,,,,267.0,365.0,,,,,898.0,,,,,,349.0,393.0,,,,,544.0
3484159,9655,2021-01-01 14:09:36.434,0,,53.0,,,,,,,,,,,,,,,,,,,,,510.0,,,,,,,,768.0,,,,,678.0,45.0,138.0,731.0,,,409.0,,,,,512.0,,465.0,240.0,597.0,,,,267.0,365.0,,,,,898.0,,,,,,349.0,393.0,,,,,544.0
3608753,9655,2020-12-30 20:58:27.181,0,,53.0,,,,,,,,,,,,,,,,,,,,,510.0,,,,,,,,768.0,,,,,678.0,45.0,138.0,731.0,,,409.0,,,,,512.0,,465.0,240.0,597.0,,,,267.0,365.0,,,,,898.0,,,,,,349.0,393.0,,,,,544.0
3843332,9655,2021-01-12 13:22:26.456,0,,53.0,,,,,,,,,,,,,,,,,,,,,510.0,,,,,,,,768.0,,,,,678.0,45.0,138.0,731.0,,,409.0,,,,,512.0,,465.0,240.0,597.0,,,,267.0,365.0,,,,,898.0,,,,,,349.0,393.0,,,,,544.0
3875189,9655,2021-01-12 19:23:50.993,0,,53.0,,,,,,,,,,,,,,,,,,,,,510.0,,,,,,,,768.0,,,,,678.0,45.0,138.0,731.0,,,409.0,,,,,512.0,,465.0,240.0,597.0,,,,267.0,365.0,,,,,898.0,,,,,,349.0,393.0,,,,,544.0
3888920,9655,2020-12-19 02:35:14.543,0,,53.0,,,,,,,,,,,,,,,,,,,,,510.0,,,,,,,,768.0,,,,,678.0,45.0,138.0,731.0,,,409.0,,,,,512.0,,465.0,240.0,597.0,,,,267.0,365.0,,,,,898.0,,,,,,349.0,393.0,,,,,544.0
3942259,9655,2021-01-11 22:56:50.318,0,,53.0,,,,,,,,,,,,,,,,,,,,,510.0,,,,,,,,768.0,,,,,678.0,45.0,138.0,731.0,,,409.0,,,,,512.0,,465.0,240.0,597.0,,,,267.0,365.0,,,,,898.0,,,,,,349.0,393.0,,,,,544.0
3992848,9655,2020-12-29 12:19:01.262,0,,53.0,,,,,,,,,,,,,,,,,,,,,510.0,,,,,,,,768.0,,,,,678.0,45.0,138.0,731.0,,,409.0,,,,,512.0,,465.0,240.0,597.0,,,,267.0,365.0,,,,,898.0,,,,,,349.0,393.0,,,,,544.0
4048632,9655,2020-12-26 20:30:10.733,0,,53.0,,,,,,,,,,,,,,,,,,,,,510.0,,,,,,,,768.0,,,,,678.0,45.0,138.0,731.0,,,409.0,,,,,512.0,,465.0,240.0,597.0,,,,267.0,365.0,,,,,898.0,,,,,,349.0,393.0,,,,,544.0
4054614,9655,2020-12-25 14:43:49.119,0,,53.0,,,,,,,,,,,,,,,,,,,,,510.0,,,,,,,,768.0,,,,,678.0,45.0,138.0,731.0,,,409.0,,,,,512.0,,465.0,240.0,597.0,,,,267.0,365.0,,,,,898.0,,,,,,349.0,393.0,,,,,544.0
4064529,9655,2021-01-16 00:16:20.713,0,,53.0,,,,,,,,,,,,,,,,,,,,,510.0,,,,,,,,768.0,,,,,678.0,45.0,138.0,731.0,,,409.0,,,,,512.0,,465.0,240.0,597.0,,,,267.0,365.0,,,,,898.0,,,,,,349.0,393.0,,,,,544.0
4104597,9655,2020-12-01 21:14:39.084,0,,53.0,,,,,,,,,,,,,,,,,,,,,510.0,,,,,,,,768.0,,,,,678.0,45.0,138.0,731.0,,,409.0,,,,,512.0,,465.0,240.0,597.0,,,,267.0,365.0,,,,,898.0,,,,,,349.0,393.0,,,,,544.0
4104597,9655,2020-12-01 21:15:40.124,0,,53.0,,,,,,,,,,,,,,,,,,,,,510.0,,,,,,,,768.0,,,,,678.0,45.0,138.0,731.0,,,409.0,,,,,512.0,,465.0,240.0,597.0,,,,267.0,365.0,,,,,898.0,,,,,,349.0,393.0,,,,,544.0
4114480,9655,2021-01-04 15:53:57.981,0,,53.0,,,,,,,,,,,,,,,,,,,,,510.0,,,,,,,,768.0,,,,,678.0,45.0,138.0,731.0,,,409.0,,,,,512.0,,465.0,240.0,597.0,,,,267.0,365.0,,,,,898.0,,,,,,349.0,393.0,,,,,544.0
4298635,9655,2020-12-18 19:30:44.293,0,,53.0,,,,,,,,,,,,,,,,,,,,,510.0,,,,,,,,768.0,,,,,678.0,45.0,138.0,731.0,,,409.0,,,,,512.0,,465.0,240.0,597.0,,,,267.0,365.0,,,,,898.0,,,,,,349.0,393.0,,,,,544.0
4325305,9655,2020-12-09 21:27:07.518,1,,53.0,,,,,,,,,,,,,,,,,,,,,510.0,,,,,,,,768.0,,,,,678.0,45.0,138.0,731.0,,,409.0,,,,,512.0,,465.0,240.0,597.0,,,,267.0,365.0,,,,,898.0,,,,,,349.0,393.0,,,,,544.0
4413915,9655,2021-01-25 11:21:36.07,0,,53.0,,,,,,,,,,,,,,,,,,,,,510.0,,,,,,,,768.0,,,,,678.0,45.0,138.0,731.0,,,409.0,,,,,512.0,,465.0,240.0,597.0,,,,267.0,365.0,,,,,898.0,,,,,,349.0,393.0,,,,,544.0
4420321,9655,2021-01-13 20:31:48.813,0,,53.0,,,,,,,,,,,,,,,,,,,,,510.0,,,,,,,,768.0,,,,,678.0,45.0,138.0,731.0,,,409.0,,,,,512.0,,465.0,240.0,597.0,,,,267.0,365.0,,,,,898.0,,,,,,349.0,393.0,,,,,544.0
4422424,9655,2021-01-02 07:03:38.195,0,,53.0,,,,,,,,,,,,,,,,,,,,,510.0,,,,,,,,768.0,,,,,678.0,45.0,138.0,731.0,,,409.0,,,,,512.0,,465.0,240.0,597.0,,,,267.0,365.0,,,,,898.0,,,,,,349.0,393.0,,,,,544.0
3,15085,2020-12-18 21:26:47.986,1,,53.0,,,,,,,,,,,,,,,,,,,,,510.0,,,,,,,,768.0,,,,,678.0,45.0,138.0,731.0,,,409.0,,,,,512.0,,465.0,240.0,597.0,,,,267.0,365.0,,,,,898.0,,,,,,349.0,97.0,,,,,544.0
169578,15085,2020-12-02 15:33:20,0,,53.0,,,,,,,,,,,,,,,,,,,,,510.0,,,,,,,,768.0,,,,,678.0,45.0,138.0,731.0,,,409.0,,,,,512.0,,465.0,240.0,597.0,,,,267.0,365.0,,,,,898.0,,,,,,349.0,97.0,,,,,544.0
295663,15085,2021-02-14 12:53:13.841,0,,53.0,,,,,,,,,,,,,,,,,,,,,510.0,,,,,,,,768.0,,,,,678.0,45.0,138.0,731.0,,,409.0,,,,,512.0,,465.0,240.0,597.0,,,,267.0,365.0,,,,,898.0,,,,,,349.0,97.0,,,,,544.0
335835,15085,2021-02-14 19:34:29.668,0,,53.0,,,,,,,,,,,,,,,,,,,,,510.0,,,,,,,,768.0,,,,,678.0,45.0,138.0,731.0,,,409.0,,,,,512.0,,465.0,240.0,597.0,,,,267.0,365.0,,,,,898.0,,,,,,349.0,97.0,,,,,544.0
362500,15085,2020-11-20 15:43:18.18,1,,53.0,,,,,,,,,,,,,,,,,,,,,510.0,,,,,,,,768.0,,,,,678.0,45.0,138.0,731.0,,,409.0,,,,,512.0,,465.0,240.0,597.0,,,,267.0,365.0,,,,,898.0,,,,,,349.0,97.0,,,,,544.0
383390,15085,2020-12-19 14:47:11.239,0,,53.0,,,,,,,,,,,,,,,,,,,,,510.0,,,,,,,,768.0,,,,,678.0,45.0,138.0,731.0,,,409.0,,,,,512.0,,465.0,240.0,597.0,,,,267.0,365.0,,,,,898.0,,,,,,349.0,97.0,,,,,544.0
409797,15085,2020-12-16 14:12:57.506,0,,53.0,,,,,,,,,,,,,,,,,,,,,510.0,,,,,,,,768.0,,,,,678.0,45.0,138.0,731.0,,,409.0,,,,,512.0,,465.0,240.0,597.0,,,,267.0,365.0,,,,,898.0,,,,,,349.0,97.0,,,,,544.0
455099,15085,2021-01-09 19:11:23.078,0,,53.0,,,,,,,,,,,,,,,,,,,,,510.0,,,,,,,,768.0,,,,,678.0,45.0,138.0,731.0,,,409.0,,,,,512.0,,465.0,240.0,597.0,,,,267.0,365.0,,,,,898.0,,,,,,349.0,97.0,,,,,544.0
462886,15085,2021-03-06 19:39:42.545,0,,53.0,,,,,,,,,,,,,,,,,,,,,510.0,,,,,,,,768.0,,,,,678.0,45.0,138.0,731.0,,,409.0,,,,,512.0,,465.0,240.0,597.0,,,,267.0,365.0,,,,,898.0,,,,,,349.0,97.0,,,,,544.0
577356,15085,2021-01-09 20:56:05.483,0,,53.0,,,,,,,,,,,,,,,,,,,,,510.0,,,,,,,,768.0,,,,,678.0,45.0,138.0,731.0,,,409.0,,,,,512.0,,465.0,240.0,597.0,,,,267.0,365.0,,,,,898.0,,,,,,349.0,97.0,,,,,544.0
588158,15085,2020-12-31 19:13:34.486,0,,53.0,,,,,,,,,,,,,,,,,,,,,510.0,,,,,,,,768.0,,,,,678.0,45.0,138.0,731.0,,,409.0,,,,,512.0,,465.0,240.0,597.0,,,,267.0,365.0,,,,,898.0,,,,,,349.0,97.0,,,,,544.0
659018,15085,2021-02-13 22:13:32.612,0,,53.0,,,,,,,,,,,,,,,,,,,,,510.0,,,,,,,,768.0,,,,,678.0,45.0,138.0,731.0,,,409.0,,,,,512.0,,465.0,240.0,597.0,,,,267.0,365.0,,,,,898.0,,,,,,349.0,97.0,,,,,544.0
695904,15085,2020-12-11 08:57:55.779,1,,53.0,,,,,,,,,,,,,,,,,,,,,510.0,,,,,,,,768.0,,,,,678.0,45.0,138.0,731.0,,,409.0,,,,,512.0,,465.0,240.0,597.0,,,,267.0,365.0,,,,,898.0,,,,,,349.0,97.0,,,,,544.0
745660,15085,2021-01-28 02:42:15.672,0,,53.0,,,,,,,,,,,,,,,,,,,,,510.0,,,,,,,,768.0,,,,,678.0,45.0,138.0,731.0,,,409.0,,,,,512.0,,465.0,240.0,597.0,,,,267.0,365.0,,,,,898.0,,,,,,349.0,97.0,,,,,544.0
799995,15085,2020-11-27 08:37:48.057,0,,53.0,,,,,,,,,,,,,,,,,,,,,510.0,,,,,,,,768.0,,,,,678.0,45.0,138.0,731.0,,,409.0,,,,,512.0,,465.0,240.0,597.0,,,,267.0,365.0,,,,,898.0,,,,,,349.0,97.0,,,,,544.0
822396,15085,2020-12-18 01:01:13.654,0,,53.0,,,,,,,,,,,,,,,,,,,,,510.0,,,,,,,,768.0,,,,,678.0,45.0,138.0,731.0,,,409.0,,,,,512.0,,465.0,240.0,597.0,,,,267.0,365.0,,,,,898.0,,,,,,349.0,97.0,,,,,544.0
923154,15085,2020-11-18 15:41:26.332,0,,53.0,,,,,,,,,,,,,,,,,,,,,510.0,,,,,,,,768.0,,,,,678.0,45.0,138.0,731.0,,,409.0,,,,,512.0,,465.0,240.0,597.0,,,,267.0,365.0,,,,,898.0,,,,,,349.0,97.0,,,,,544.0
931085,15085,2020-12-09 14:30:26.118,1,,53.0,,,,,,,,,,,,,,,,,,,,,510.0,,,,,,,,768.0,,,,,678.0,45.0,138.0,731.0,,,409.0,,,,,512.0,,465.0,240.0,597.0,,,,267.0,365.0,,,,,898.0,,,,,,349.0,97.0,,,,,544.0
951567,15085,2021-01-25 10:21:25.689,0,,53.0,,,,,,,,,,,,,,,,,,,,,510.0,,,,,,,,768.0,,,,,678.0,45.0,138.0,731.0,,,409.0,,,,,512.0,,465.0,240.0,597.0,,,,267.0,365.0,,,,,898.0,,,,,,349.0,97.0,,,,,544.0
967023,15085,2021-01-10 15:07:01.447,0,,53.0,,,,,,,,,,,,,,,,,,,,,510.0,,,,,,,,768.0,,,,,678.0,45.0,138.0,731.0,,,409.0,,,,,512.0,,465.0,240.0,597.0,,,,267.0,365.0,,,,,898.0,,,,,,349.0,97.0,,,,,544.0
977860,15085,2020-12-26 08:08:10.067,0,,53.0,,,,,,,,,,,,,,,,,,,,,510.0,,,,,,,,768.0,,,,,678.0,45.0,138.0,731.0,,,409.0,,,,,512.0,,465.0,240.0,597.0,,,,267.0,365.0,,,,,898.0,,,,,,349.0,97.0,,,,,544.0
1216036,15085,2021-01-03 19:32:44.217,0,,53.0,,,,,,,,,,,,,,,,,,,,,510.0,,,,,,,,768.0,,,,,678.0,45.0,138.0,731.0,,,409.0,,,,,512.0,,465.0,240.0,597.0,,,,267.0,365.0,,,,,898.0,,,,,,349.0,97.0,,,,,544.0
1238570,15085,2021-01-26 19:35:11.297,0,,53.0,,,,,,,,,,,,,,,,,,,,,510.0,,,,,,,,768.0,,,,,678.0,45.0,138.0,731.0,,,409.0,,,,,512.0,,465.0,240.0,597.0,,,,267.0,365.0,,,,,898.0,,,,,,349.0,97.0,,,,,544.0
1315209,15085,2020-12-17 21:23:08.308,1,,53.0,,,,,,,,,,,,,,,,,,,,,510.0,,,,,,,,768.0,,,,,678.0,45.0,138.0,731.0,,,409.0,,,,,512.0,,465.0,240.0,597.0,,,,267.0,365.0,,,,,898.0,,,,,,349.0,97.0,,,,,544.0
1329281,15085,2021-02-20 14:42:16.216,0,,53.0,,,,,,,,,,,,,,,,,,,,,510.0,,,,,,,,768.0,,,,,678.0,45.0,138.0,731.0,,,409.0,,,,,512.0,,465.0,240.0,597.0,,,,267.0,365.0,,,,,898.0,,,,,,349.0,97.0,,,,,544.0
1344939,15085,2021-01-18 18:14:13.989,1,,53.0,,,,,,,,,,,,,,,,,,,,,510.0,,,,,,,,768.0,,,,,678.0,45.0,138.0,731.0,,,409.0,,,,,512.0,,465.0,240.0,597.0,,,,267.0,365.0,,,,,898.0,,,,,,349.0,97.0,,,,,544.0
1379613,15085,2020-11-22 09:28:39.199,0,,53.0,,,,,,,,,,,,,,,,,,,,,510.0,,,,,,,,768.0,,,,,678.0,45.0,138.0,731.0,,,409.0,,,,,512.0,,465.0,240.0,597.0,,,,267.0,365.0,,,,,898.0,,,,,,349.0,97.0,,,,,544.0
1381862,15085,2020-12-11 22:39:54.123,1,,53.0,,,,,,,,,,,,,,,,,,,,,510.0,,,,,,,,768.0,,,,,678.0,45.0,138.0,731.0,,,409.0,,,,,512.0,,465.0,240.0,597.0,,,,267.0,365.0,,,,,898.0,,,,,,349.0,97.0,,,,,544.0
1397944,15085,2021-01-08 12:54:16.348,0,,53.0,,,,,,,,,,,,,,,,,,,,,510.0,,,,,,,,768.0,,,,,678.0,45.0,138.0,731.0,,,409.0,,,,,512.0,,465.0,240.0,597.0,,,,267.0,365.0,,,,,898.0,,,,,,349.0,97.0,,,,,544.0
1407253,15085,2020-12-26 10:49:46.957,0,,53.0,,,,,,,,,,,,,,,,,,,,,510.0,,,,,,,,768.0,,,,,678.0,45.0,138.0,731.0,,,409.0,,,,,512.0,,465.0,240.0,597.0,,,,267.0,365.0,,,,,898.0,,,,,,349.0,97.0,,,,,544.0
1422189,15085,2020-12-23 20:28:54.57,0,,53.0,,,,,,,,,,,,,,,,,,,,,510.0,,,,,,,,768.0,,,,,678.0,45.0,138.0,731.0,,,409.0,,,,,512.0,,465.0,240.0,597.0,,,,267.0,365.0,,,,,898.0,,,,,,349.0,97.0,,,,,544.0
1422612,15085,2021-01-26 11:58:46.87,0,,53.0,,,,,,,,,,,,,,,,,,,,,510.0,,,,,,,,768.0,,,,,678.0,45.0,138.0,731.0,,,409.0,,,,,512.0,,465.0,240.0,597.0,,,,267.0,365.0,,,,,898.0,,,,,,349.0,97.0,,,,,544.0
1425514,15085,2020-12-18 14:07:42.122,0,,53.0,,,,,,,,,,,,,,,,,,,,,510.0,,,,,,,,768.0,,,,,678.0,45.0,138.0,731.0,,,409.0,,,,,512.0,,465.0,240.0,597.0,,,,267.0,365.0,,,,,898.0,,,,,,349.0,97.0,,,,,544.0
1556254,15085,2020-12-06 21:38:37.59,1,,53.0,,,,,,,,,,,,,,,,,,,,,510.0,,,,,,,,768.0,,,,,678.0,45.0,138.0,731.0,,,409.0,,,,,512.0,,465.0,240.0,597.0,,,,267.0,365.0,,,,,898.0,,,,,,349.0,97.0,,,,,544.0
1616554,15085,2020-11-29 12:24:28.595,1,,53.0,,,,,,,,,,,,,,,,,,,,,510.0,,,,,,,,768.0,,,,,678.0,45.0,138.0,731.0,,,409.0,,,,,512.0,,465.0,240.0,597.0,,,,267.0,365.0,,,,,898.0,,,,,,349.0,97.0,,,,,544.0
1621417,15085,2020-12-01 15:49:00.628,0,,53.0,,,,,,,,,,,,,,,,,,,,,510.0,,,,,,,,768.0,,,,,678.0,45.0,138.0,731.0,,,409.0,,,,,512.0,,465.0,240.0,597.0,,,,267.0,365.0,,,,,898.0,,,,,,349.0,97.0,,,,,544.0
1626422,15085,2020-12-18 09:39:22.466,0,,53.0,,,,,,,,,,,,,,,,,,,,,510.0,,,,,,,,768.0,,,,,678.0,45.0,138.0,731.0,,,409.0,,,,,512.0,,465.0,240.0,597.0,,,,267.0,365.0,,,,,898.0,,,,,,349.0,97.0,,,,,544.0
1667669,15085,2020-12-31 10:08:53.945,0,,53.0,,,,,,,,,,,,,,,,,,,,,510.0,,,,,,,,768.0,,,,,678.0,45.0,138.0,731.0,,,409.0,,,,,512.0,,465.0,240.0,597.0,,,,267.0,365.0,,,,,898.0,,,,,,349.0,97.0,,,,,544.0
1715799,15085,2020-12-18 09:19:28.562,0,,53.0,,,,,,,,,,,,,,,,,,,,,510.0,,,,,,,,768.0,,,,,678.0,45.0,138.0,731.0,,,409.0,,,,,512.0,,465.0,240.0,597.0,,,,267.0,365.0,,,,,898.0,,,,,,349.0,97.0,,,,,544.0
1757080,15085,2020-12-11 12:46:46.343,1,,53.0,,,,,,,,,,,,,,,,,,,,,510.0,,,,,,,,768.0,,,,,678.0,45.0,138.0,731.0,,,409.0,,,,,512.0,,465.0,240.0,597.0,,,,267.0,365.0,,,,,898.0,,,,,,349.0,97.0,,,,,544.0
1846229,15085,2020-11-29 23:36:47.915,1,,53.0,,,,,,,,,,,,,,,,,,,,,510.0,,,,,,,,768.0,,,,,678.0,45.0,138.0,731.0,,,409.0,,,,,512.0,,465.0,240.0,597.0,,,,267.0,365.0,,,,,898.0,,,,,,349.0,97.0,,,,,544.0
1889650,15085,2020-12-15 01:23:38.596,1,,53.0,,,,,,,,,,,,,,,,,,,,,510.0,,,,,,,,768.0,,,,,678.0,45.0,138.0,731.0,,,409.0,,,,,512.0,,465.0,240.0,597.0,,,,267.0,365.0,,,,,898.0,,,,,,349.0,97.0,,,,,544.0
1933017,15085,2020-12-26 09:25:10.833,0,,53.0,,,,,,,,,,,,,,,,,,,,,510.0,,,,,,,,768.0,,,,,678.0,45.0,138.0,731.0,,,409.0,,,,,512.0,,465.0,240.0,597.0,,,,267.0,365.0,,,,,898.0,,,,,,349.0,97.0,,,,,544.0
1992210,15085,2020-12-02 15:15:28.995,0,,53.0,,,,,,,,,,,,,,,,,,,,,510.0,,,,,,,,768.0,,,,,678.0,45.0,138.0,731.0,,,409.0,,,,,512.0,,465.0,240.0,597.0,,,,267.0,365.0,,,,,898.0,,,,,,349.0,97.0,,,,,544.0
2024222,15085,2021-01-03 22:15:15.092,0,,53.0,,,,,,,,,,,,,,,,,,,,,510.0,,,,,,,,768.0,,,,,678.0,45.0,138.0,731.0,,,409.0,,,,,512.0,,465.0,240.0,597.0,,,,267.0,365.0,,,,,898.0,,,,,,349.0,97.0,,,,,544.0
2137460,15085,2021-01-09 15:12:05.108,0,,53.0,,,,,,,,,,,,,,,,,,,,,510.0,,,,,,,,768.0,,,,,678.0,45.0,138.0,731.0,,,409.0,,,,,512.0,,465.0,240.0,597.0,,,,267.0,365.0,,,,,898.0,,,,,,349.0,97.0,,,,,544.0
2207269,15085,2020-12-26 14:24:32.587,0,,53.0,,,,,,,,,,,,,,,,,,,,,510.0,,,,,,,,768.0,,,,,678.0,45.0,138.0,731.0,,,409.0,,,,,512.0,,465.0,240.0,597.0,,,,267.0,365.0,,,,,898.0,,,,,,349.0,97.0,,,,,544.0
2236706,15085,2021-01-28 00:34:18.733,0,,53.0,,,,,,,,,,,,,,,,,,,,,510.0,,,,,,,,768.0,,,,,678.0,45.0,138.0,731.0,,,409.0,,,,,512.0,,465.0,240.0,597.0,,,,267.0,365.0,,,,,898.0,,,,,,349.0,97.0,,,,,544.0
2358858,15085,2020-11-26 19:00:55.033,0,,53.0,,,,,,,,,,,,,,,,,,,,,510.0,,,,,,,,768.0,,,,,678.0,45.0,138.0,731.0,,,409.0,,,,,512.0,,465.0,240.0,597.0,,,,267.0,365.0,,,,,898.0,,,,,,349.0,97.0,,,,,544.0
2366422,15085,2020-11-21 20:43:57.784,0,,53.0,,,,,,,,,,,,,,,,,,,,,510.0,,,,,,,,768.0,,,,,678.0,45.0,138.0,731.0,,,409.0,,,,,512.0,,465.0,240.0,597.0,,,,267.0,365.0,,,,,898.0,,,,,,349.0,97.0,,,,,544.0
2402569,15085,2020-11-18 20:48:54.404,1,,53.0,,,,,,,,,,,,,,,,,,,,,510.0,,,,,,,,768.0,,,,,678.0,45.0,138.0,731.0,,,409.0,,,,,512.0,,465.0,240.0,597.0,,,,267.0,365.0,,,,,898.0,,,,,,349.0,97.0,,,,,544.0
2541484,15085,2021-02-20 21:35:55.312,1,,53.0,,,,,,,,,,,,,,,,,,,,,510.0,,,,,,,,768.0,,,,,678.0,45.0,138.0,731.0,,,409.0,,,,,512.0,,465.0,240.0,597.0,,,,267.0,365.0,,,,,898.0,,,,,,349.0,97.0,,,,,544.0
2542686,15085,2021-01-01 11:16:40.674,1,,53.0,,,,,,,,,,,,,,,,,,,,,510.0,,,,,,,,768.0,,,,,678.0,45.0,138.0,731.0,,,409.0,,,,,512.0,,465.0,240.0,597.0,,,,267.0,365.0,,,,,898.0,,,,,,349.0,97.0,,,,,544.0
2569485,15085,2020-12-28 17:49:53.213,0,,53.0,,,,,,,,,,,,,,,,,,,,,510.0,,,,,,,,768.0,,,,,678.0,45.0,138.0,731.0,,,409.0,,,,,512.0,,465.0,240.0,597.0,,,,267.0,365.0,,,,,898.0,,,,,,349.0,97.0,,,,,544.0
2627653,15085,2020-11-14 09:13:59.517,0,,53.0,,,,,,,,,,,,,,,,,,,,,510.0,,,,,,,,768.0,,,,,678.0,45.0,138.0,731.0,,,409.0,,,,,512.0,,465.0,240.0,597.0,,,,267.0,365.0,,,,,898.0,,,,,,349.0,97.0,,,,,544.0
2638403,15085,2021-01-02 08:17:56.149,0,,53.0,,,,,,,,,,,,,,,,,,,,,510.0,,,,,,,,768.0,,,,,678.0,45.0,138.0,731.0,,,409.0,,,,,512.0,,465.0,240.0,597.0,,,,267.0,365.0,,,,,898.0,,,,,,349.0,97.0,,,,,544.0
2649008,15085,2020-11-15 18:25:52.887,1,,53.0,,,,,,,,,,,,,,,,,,,,,510.0,,,,,,,,768.0,,,,,678.0,45.0,138.0,731.0,,,409.0,,,,,512.0,,465.0,240.0,597.0,,,,267.0,365.0,,,,,898.0,,,,,,349.0,97.0,,,,,544.0
2753393,15085,2021-01-26 12:35:57.295,0,,53.0,,,,,,,,,,,,,,,,,,,,,510.0,,,,,,,,768.0,,,,,678.0,45.0,138.0,731.0,,,409.0,,,,,512.0,,465.0,240.0,597.0,,,,267.0,365.0,,,,,898.0,,,,,,349.0,97.0,,,,,544.0
2779811,15085,2020-12-01 13:25:14.17,0,,53.0,,,,,,,,,,,,,,,,,,,,,510.0,,,,,,,,768.0,,,,,678.0,45.0,138.0,731.0,,,409.0,,,,,512.0,,465.0,240.0,597.0,,,,267.0,365.0,,,,,898.0,,,,,,349.0,97.0,,,,,544.0
2780236,15085,2020-12-19 20:16:09.672,0,,53.0,,,,,,,,,,,,,,,,,,,,,510.0,,,,,,,,768.0,,,,,678.0,45.0,138.0,731.0,,,409.0,,,,,512.0,,465.0,240.0,597.0,,,,267.0,365.0,,,,,898.0,,,,,,349.0,97.0,,,,,544.0
2803755,15085,2021-01-18 15:44:59.131,0,,53.0,,,,,,,,,,,,,,,,,,,,,510.0,,,,,,,,768.0,,,,,678.0,45.0,138.0,731.0,,,409.0,,,,,512.0,,465.0,240.0,597.0,,,,267.0,365.0,,,,,898.0,,,,,,349.0,97.0,,,,,544.0
2806520,15085,2021-01-25 19:50:34.803,0,,53.0,,,,,,,,,,,,,,,,,,,,,510.0,,,,,,,,768.0,,,,,678.0,45.0,138.0,731.0,,,409.0,,,,,512.0,,465.0,240.0,597.0,,,,267.0,365.0,,,,,898.0,,,,,,349.0,97.0,,,,,544.0
2819205,15085,2021-01-21 22:15:51.399,1,,53.0,,,,,,,,,,,,,,,,,,,,,510.0,,,,,,,,768.0,,,,,678.0,45.0,138.0,731.0,,,409.0,,,,,512.0,,465.0,240.0,597.0,,,,267.0,365.0,,,,,898.0,,,,,,349.0,97.0,,,,,544.0
2823178,15085,2020-11-13 12:26:29.917,1,,53.0,,,,,,,,,,,,,,,,,,,,,510.0,,,,,,,,768.0,,,,,678.0,45.0,138.0,731.0,,,409.0,,,,,512.0,,465.0,240.0,597.0,,,,267.0,365.0,,,,,898.0,,,,,,349.0,97.0,,,,,544.0
2833501,15085,2020-11-20 09:30:02.944,0,,53.0,,,,,,,,,,,,,,,,,,,,,510.0,,,,,,,,768.0,,,,,678.0,45.0,138.0,731.0,,,409.0,,,,,512.0,,465.0,240.0,597.0,,,,267.0,365.0,,,,,898.0,,,,,,349.0,97.0,,,,,544.0
2858361,15085,2021-01-09 08:40:26.762,0,,53.0,,,,,,,,,,,,,,,,,,,,,510.0,,,,,,,,768.0,,,,,678.0,45.0,138.0,731.0,,,409.0,,,,,512.0,,465.0,240.0,597.0,,,,267.0,365.0,,,,,898.0,,,,,,349.0,97.0,,,,,544.0
2871061,15085,2020-12-18 07:58:15.837,0,,53.0,,,,,,,,,,,,,,,,,,,,,510.0,,,,,,,,768.0,,,,,678.0,45.0,138.0,731.0,,,409.0,,,,,512.0,,465.0,240.0,597.0,,,,267.0,365.0,,,,,898.0,,,,,,349.0,97.0,,,,,544.0
2926496,15085,2021-01-12 20:59:13.30,0,,53.0,,,,,,,,,,,,,,,,,,,,,510.0,,,,,,,,768.0,,,,,678.0,45.0,138.0,731.0,,,409.0,,,,,512.0,,465.0,240.0,597.0,,,,267.0,365.0,,,,,898.0,,,,,,349.0,97.0,,,,,544.0
